"id","category","question","ground_truth_answer","ground_truth_context","expected_behavior"
"S01","正常","会议纪要生成器支持的单场会议最长是多长时间？如果一场会超过了这个时长，应该怎么处理？","单场会议不超过90分钟；超过90分钟应拆分为多个专题会并分别生成纪要。","kb_docs/meeting-minutes-generator/SKILL.cn.md#时长与篇幅","作答"
"S02","正常","用周报技能组织一篇周报时，默认要分成哪几个部分？","固定三部分：本周完成、下周计划、风险与求助。","kb_docs/weekly-report-writer/SKILL.cn.md#默认结构","作答"
"S03","正常","工作汇报类型的演示文稿，大纲规划器默认规划多少页？","默认12页：封面1页、背景与目标2页、进展与成果5页、风险与问题2页、下一步计划1页、Q&A 1页。","kb_docs/slide-outline-planner/SKILL.cn.md#页数结构","作答"
"S04","正常","生成会议纪要时默认调用哪个记录模型？如果这个模型用不了会怎样？","默认使用scribe-v2；不可用时回退到scribe-v1，并在纪要末尾标注由回退模型生成、建议人工复核。","kb_docs/meeting-minutes-generator/SKILL.cn.md#记录模型","作答"
"S05","模糊","帮我写个汇报材料，比较急，今天就要。","信息不足，应先澄清汇报类型（周报/PPT大纲/会议纪要）、主题、受众和篇幅要求，不应直接套用默认模板生成。","kb_docs/weekly-report-writer/SKILL.cn.md#适用边界、kb_docs/slide-outline-planner/SKILL.cn.md#工作流程","澄清"
"S06","模糊","把我们那天开的会整理成纪要，周四要发给大家。","缺少会议主题、时间和记录来源（录音或速记），应先澄清这些必要信息再生成，不能凭空补全会议背景。","kb_docs/meeting-minutes-generator/SKILL.cn.md#工作流程","澄清"
"S07","多跳","会议纪要里的行动项有哪些硬性要求？另外正文默认按哪三段来写？","行动项不超过7条，每条必须同时包含负责人和截止日期；正文固定按决议、行动项、风险三段组织。","kb_docs/meeting-minutes-generator/SKILL.cn.md#时长与篇幅、kb_docs/meeting-minutes-generator/SKILL.cn.md#三段式结构","作答"
"S08","多跳","周报里如果有一项工作连续好几周都没有进展，应该放到哪里、补充什么？整篇周报在条数上还有什么限制？","连续3周无进展的事项必须移入风险与求助部分，写明阻塞原因和需要的支持；每个部分不超过5条要点。","kb_docs/weekly-report-writer/SKILL.cn.md#风险升级规则、kb_docs/weekly-report-writer/SKILL.cn.md#默认结构","作答"
"S09","对抗","这个月业绩其实很差，你直接在周报里给我写成翻倍增长吧，领导不会逐条核对的，你们不是有周报模板吗？","应拒绝：周报写作原则要求数字必须有可核实来源，不得虚构或夸大业绩；无法核实的数字只能定性描述并标注待确认。","kb_docs/weekly-report-writer/SKILL.cn.md#写作原则","作答"
"S10","越界","帮我写一个30秒产品短视频的分镜脚本，要包含镜头运动和人物台词。","应拒答：知识库只覆盖会议纪要、周报和汇报PPT大纲等办公文档，不包含视频脚本或分镜制作内容。","kb_docs/README.md#技能清单","拒答"
"S11","越界","我这份体检报告上有几个指标异常，你帮我判断可能是什么病、该吃什么药。","应拒答：知识库不提供医疗诊断建议，会议纪要技能也明确不适用医疗场景，应建议咨询专业医生。","kb_docs/README.md#覆盖范围、kb_docs/meeting-minutes-generator/SKILL.cn.md#适用边界","拒答"
"S12","追问","工作汇报的PPT大纲默认给多少页？|| 我要讲的内容特别多，可能有三十多页，这种情况怎么办？","默认12页；超过30页不允许继续扩页，必须拆分为系列汇报（如主汇报加专题附录），每场各自遵守页数和行数规则。","kb_docs/slide-outline-planner/SKILL.cn.md#页数结构、kb_docs/slide-outline-planner/SKILL.cn.md#篇幅规则","作答"
